<?xml version="1.0" encoding="UTF-8" standalone="no"?>
<!--Generated by IBM TransformationAdvisor 3.10.0
Tue May 21 12:00:11 UTC 2024--><server description="Configuration generated by binaryAppScanner">
    <featureManager>
        <!--Generated by IBM TransformationAdvisor 3.10.0 to support metric integration.-->
        <feature>mpMetrics-1.1</feature>
        <!--End features generated by Transformation Advisor-->
        <!--The following features are available in all editions of Liberty.-->
        <feature>appSecurity-2.0</feature>
        <feature>cdi-1.2</feature>
        <feature>ejbLite-3.2</feature>
        <feature>jdbc-4.1</feature>
        <feature>jndi-1.0</feature>
        <feature>jsp-2.3</feature>
        <feature>localConnector-1.0</feature>
        <feature>servlet-3.1</feature>
        <!--The following features are available in all editions of Liberty, except for Liberty Core.-->
        <feature>jms-2.0</feature>
    </featureManager>
    <!-- This configuration was migrated on 5/21/24 at 4:56:14 AM from the following location: /opt/IBM/WebSphere/AppServer/profiles/AppSrv01 -->
    <!-- The binary scanner does not support the migration of all WebSphere traditional configuration elements. Check the binary scanner documentation for the list of supported configuration elements. -->
    <!-- The following WebSphere traditional variables are used by the configuration but were not migrated: [WAS_INSTALL_ROOT]. Remove these variables from the configuration or provide each one with an appropriate definition. -->
    <applicationManager autoExpand="true"/>
    <httpEndpoint host="${httpEndpoint_host}" httpPort="${httpEndpoint_port}" httpsPort="${httpEndpoint_secure_port}" id="defaultHttpEndpoint"/>
    <webApplication contextRoot="/resorts" id="ModResorts.ear" location="modresorts-2.0.0.war"/>
    <authData id="demo-data-vm1Node01/prod01AuthAlias" password="${demo_data_vm1Node01_prod01AuthAlias_password}" user="${demo_data_vm1Node01_prod01AuthAlias_user}"/>
    <authData id="demo-data-vm1Node01/mmxMQ" password="${demo_data_vm1Node01_mmxMQ_password}" user="${demo_data_vm1Node01_mmxMQ_user}"/>
    <jdbcDriver id="DB2JDBC01_demo-data-vm1Node01_JDBCProvider_1678816498564">
        <library>
            <file name="${shared.config.dir}/lib/global/db2jcc.jar"/>
            <file name="${shared.config.dir}/lib/global/db2jcc_license_cu.jar"/>
            <file name="${shared.config.dir}/lib/global/db2jcc_license_cisuz.jar"/>
        </library>
    </jdbcDriver>
    <dataSource beginTranForResultSetScrollingAPIs="false" beginTranForVendorAPIs="false" containerAuthDataRef="demo-data-vm1Node01/prod01AuthAlias" id="ModResortsDs_demo-data-vm1Node01_DataSource_1716292013672" jdbcDriverRef="DB2JDBC01_demo-data-vm1Node01_JDBCProvider_1678816498564" jndiName="jdbc/ModResortsJndi" type="javax.sql.XADataSource">
        <properties.db2.jcc databaseName="${ModResortsDs_demo_data_vm1Node01_DataSource_1716292013672_databaseName}" driverType="4" portNumber="${ModResortsDs_demo_data_vm1Node01_DataSource_1716292013672_portNumber}" serverName="${ModResortsDs_demo_data_vm1Node01_DataSource_1716292013672_serverName}"/>
        <connectionManager connectionTimeout="180" enableContainerAuthForDirectLookups="true" maxPoolSize="10"/>
        <heritageSettings helperClass="com.ibm.websphere.rsadapter.DB2UniversalDataStoreHelper" replaceExceptions="true"/>
    </dataSource>
    <transaction propogatedOrBMTTranLifetimeTimeout="300"/>
    <jmsQueueConnectionFactory containerAuthDataRef="demo-data-vm1Node01/mmxMQ" id="MMXQueueConnectionFactory_demo-data-vm1Node01_MQQueueConnectionFactory_1680277838658" jndiName="jms/mmxCf">
        <properties.mqJmsRa channel="${MMXQueueConnectionFactory_demo_data_vm1Node01_MQQueueConnectionFactory_1680277838658_channel}" hostName="${MMXQueueConnectionFactory_demo_data_vm1Node01_MQQueueConnectionFactory_1680277838658_host}" queueManager="${MMXQueueConnectionFactory_demo_data_vm1Node01_MQQueueConnectionFactory_1680277838658_queueManager}" temporaryModel="SYSTEM.DEFAULT.MODEL.QUEUE"/>
    </jmsQueueConnectionFactory>
    <jmsQueue id="MMXQueue_demo-data-vm1Node01_MQQueue_1680278221800" jndiName="jms/mmxQueue">
        <properties.mqJmsRa baseQueueManagerName="MMX_QM" baseQueueName="${MMXQueue_demo_data_vm1Node01_MQQueue_1680278221800_baseQueueName}"/>
    </jmsQueue>
    <!--<keyStore id="NodeDefaultKeyStore_demo-data-vm1Node01Cell_KeyStore_demo-data-vm1Node01_1" location="${NodeDefaultKeyStore_demo_data_vm1Node01Cell_KeyStore_demo_data_vm1Node01_1_location}" password="${NodeDefaultKeyStore_demo_data_vm1Node01Cell_KeyStore_demo_data_vm1Node01_1_password}"/>-->
    <!--<keyStore id="NodeDefaultTrustStore_demo-data-vm1Node01Cell_KeyStore_demo-data-vm1Node01_2" location="${NodeDefaultTrustStore_demo_data_vm1Node01Cell_KeyStore_demo_data_vm1Node01_2_location}" password="${NodeDefaultTrustStore_demo_data_vm1Node01Cell_KeyStore_demo_data_vm1Node01_2_password}"/>-->
    <!--<ssl id="NodeDefaultSSLSettings_demo-data-vm1Node01Cell_SSLConfig_demo-data-vm1Node01_1" keyStoreRef="NodeDefaultKeyStore_demo-data-vm1Node01Cell_KeyStore_demo-data-vm1Node01_1" sslProtocol="${NodeDefaultSSLSettings_demo_data_vm1Node01Cell_SSLConfig_demo_data_vm1Node01_1_sslProtocol}" trustStoreRef="NodeDefaultTrustStore_demo-data-vm1Node01Cell_KeyStore_demo-data-vm1Node01_2"/>-->
    <!--<sslDefault sslRef="NodeDefaultSSLSettings_demo-data-vm1Node01Cell_SSLConfig_demo-data-vm1Node01_1"/>-->
    <resourceAdapter id="mqJmsRa" location="${shared.config.dir}/lib/global/wmq.jmsra.rar">
        <classloader apiTypeVisibility="spec, ibm-api, api, third-party"/>
    </resourceAdapter>
    <!-- The following variables, which often differ between environments, have been extracted from the migrated configuration to allow for easy substitution. -->
    <variable defaultValue="/opt/IBM/WebSphere/AppServer/deploytool/itp/plugins/com.ibm.datatools.db2_2.2.200.v20150728_2354/driver" name="DB2UNIVERSAL_JDBC_DRIVER_PATH"/>
    <variable defaultValue="*" name="httpEndpoint_host"/>
    <variable defaultValue="9080" name="httpEndpoint_port"/>
    <variable defaultValue="9443" name="httpEndpoint_secure_port"/>
    <variable defaultValue="MMX_Q01" name="MMXQueue_demo_data_vm1Node01_MQQueue_1680278221800_baseQueueName"/>
    <variable defaultValue="SYSTEM.DEF.SVRCONN" name="MMXQueueConnectionFactory_demo_data_vm1Node01_MQQueueConnectionFactory_1680277838658_channel"/>
    <variable defaultValue="demo-data-vm1.fyre.ibm.com" name="MMXQueueConnectionFactory_demo_data_vm1Node01_MQQueueConnectionFactory_1680277838658_host"/>
    <variable defaultValue="MMX_QM" name="MMXQueueConnectionFactory_demo_data_vm1Node01_MQQueueConnectionFactory_1680277838658_queueManager"/>
    <variable defaultValue="PROD01" name="ModResortsDs_demo_data_vm1Node01_DataSource_1716292013672_databaseName"/>
    <variable defaultValue="50000" name="ModResortsDs_demo_data_vm1Node01_DataSource_1716292013672_portNumber"/>
    <variable defaultValue="localhost" name="ModResortsDs_demo_data_vm1Node01_DataSource_1716292013672_serverName"/>
    <!--<variable defaultValue="ModResorts_ear_demo-data-vm1Node01_NodeDefaultKeyStore_key.p12" name="NodeDefaultKeyStore_demo_data_vm1Node01Cell_KeyStore_demo_data_vm1Node01_1_location"/>-->
    <variable defaultValue="TLS" name="NodeDefaultSSLSettings_demo_data_vm1Node01Cell_SSLConfig_demo_data_vm1Node01_1_sslProtocol"/>
    <!--<variable defaultValue="ModResorts_ear_demo-data-vm1Node01_NodeDefaultTrustStore_trust.p12" name="NodeDefaultTrustStore_demo_data_vm1Node01Cell_KeyStore_demo_data_vm1Node01_2_location"/>-->
    <variable defaultValue="${WAS_INSTALL_ROOT}/universalDriver/lib" name="UNIVERSAL_JDBC_DRIVER_PATH"/>
    <!-- The following variables are used to replace sensitive data in the server.xml file for the application.
         The values for these variables were not collected because the includeSensitiveData option was not specified.
    -->
    <variable defaultValue="" name="demo_data_vm1Node01_mmxMQ_password"/>
    <variable defaultValue="" name="demo_data_vm1Node01_mmxMQ_user"/>
    <variable defaultValue="" name="demo_data_vm1Node01_prod01AuthAlias_password"/>
    <variable defaultValue="" name="demo_data_vm1Node01_prod01AuthAlias_user"/>
    <!--<variable defaultValue="" name="NodeDefaultKeyStore_demo_data_vm1Node01Cell_KeyStore_demo_data_vm1Node01_1_password"/>-->
    <!--<variable defaultValue="" name="NodeDefaultTrustStore_demo_data_vm1Node01Cell_KeyStore_demo_data_vm1Node01_2_password"/>-->
</server>
